Article Title,Article Snippet,Author,Image Link,Article Link
Ukraine Renews Push to Get Its Grain Out to the World,"After a journey of 12 hours across waters caught up in the war, a ship carrying tons of wheat made it safely to Romanian waters, as Kyiv worked to transport grain overland, as well.",By Matthew Mpoke Bigg,https://static01.nyt.com/images/2023/09/19/multimedia/19ukraine-ledeall-01/19ukraine-briefing-grain-vmtq-thumbWide.jpg?quality=75&auto=webp&disable=upscale,/2023/09/19/world/europe/ukraine-grain-ship.html
"Ukraine’s Fight Is the World’s, Zelensky Tells U.N. Assembly","Painting Vladimir Putin’s Russia as a nation that seeks to dominate others, President Volodymyr Zelensky cast his appeal for broad support as a matter of global security.","By Richard Pérez-Peña, Andrew E. Kramer and Farnaz Fassihi",https://static01.nyt.com/images/2023/09/19/multimedia/19nations-zelensky-01-kmqb/19nations-zelensky-01-kmqb-thumbWide.jpg?quality=75&auto=webp&disable=upscale,/2023/09/19/world/europe/zelensky-ukraine-united-nations.html
Wednesday Briefing: Zelensky’s Warning at the U.N.,"Plus, new discoveries about a nomadic clan on the island of Borneo.",By Justin Porter,https://static01.nyt.com/images/2023/09/20/multimedia/092023ambriefing-asia-promo/092023ambriefing-asia-promo-thumbWide.jpg?quality=75&auto=webp&disable=upscale,/2023/09/19/briefing/un-zelensky-biden-trudeau-india-saudi-arabia.html
"Russia’s Aggression Is a Threat to the World, Zelensky Says","In a speech at the U.N. General Assembly, President Volodymyr Zelensky of Ukraine painted Russia as a habitual aggressor that has weaponized nuclear energy and essentials like food and water.",By Reuters,https://static01.nyt.com/images/2023/09/19/multimedia/19UNGA-blog-header-230p-fwtq/19UNGA-blog-header-230p-fwtq-thumbWide.jpg?quality=75&auto=webp&disable=upscale,/video/world/100000009094076/ukraine-zelensky-russia-speech.html
Ukraine’s Counteroffensive Looms Large as Zelensky Addresses U.N.,The effort to drive Russian forces from Ukraine’s south and east has been slow and bloody. Here’s a look at what might come next in the campaign.,By German Lopez,https://static01.nyt.com/images/2022/09/09/world/19ukraine-briefing-the-morning-version/19ukraine-briefing-the-morning-version-thumbWide-v2.jpg?quality=75&auto=webp&disable=upscale,/2023/09/19/world/europe/zelensky-ukraine-counteroffensive.html
Britain Passes Sweeping New Online Safety Law,The far-reaching bill had set off debates about balancing free speech and privacy rights against efforts to halt the spread of harmful content online.,By Adam Satariano,https://static01.nyt.com/images/2023/09/19/multimedia/19britain-internet-gvlh/19britain-internet-gvlh-thumbWide.jpg?quality=75&auto=webp&disable=upscale,/2023/09/19/technology/britain-online-safety-law.html
"‘The Fossil Fuel Age Has Failed,’ Guterres Tells World Leaders","António Guterres, the United Nations secretary general, called on nations to phase out the burning of coal, oil and gas.",By Reuters,https://static01.nyt.com/images/2023/09/19/multimedia/19unga-blog-guterres-fossil-fuels-topart-qglc/19unga-blog-guterres-fossil-fuels-topart-qglc-thumbWide.jpg?quality=75&auto=webp&disable=upscale,/video/world/100000009093398/guterres-fossil-fuels-united-nations.html
Ancient Earthworks Trodden by Golfers Become a World Heritage Site,The UNESCO World Heritage Committee has recognized the Octagon Earthworks in central Ohio as a cultural marvel.,By Sarah Bahr,https://static01.nyt.com/images/2023/09/20/multimedia/20ohio-earthworks-bphm/20ohio-earthworks-bphm-thumbWide.jpg?quality=75&auto=webp&disable=upscale,/2023/09/19/arts/design/octagon-earthworks-ohio-world-heritage-site.html
Biden Aides and Saudis Explore Defense Treaty Modeled After Asian Pacts,"Despite U.S. fatigue over Middle East wars, the White House sees a security agreement resembling those with Japan or South Korea as an incentive for Saudi Arabia to normalize relations with Israel.",By Edward Wong and Mark Mazzetti,https://static01.nyt.com/images/2023/09/19/multimedia/19dc-saudi-israel-tlmb/19dc-saudi-israel-tlmb-thumbWide.jpg?quality=75&auto=webp&disable=upscale,/2023/09/19/us/politics/biden-saudi-defense-treaty.html
"Biden, in U.N. Speech, Calls for Action on Ukraine and Other Crises","As other major leaders skipped the annual opening session of the General Assembly, Mr. Biden used his address to try to counter war fatigue both at home and abroad.",By Michael D. Shear and Peter Baker,https://static01.nyt.com/images/2023/09/19/multimedia/19unga-blog-biden-speech-topart-fzhk/19unga-blog-biden-speech-topart-fzhk-thumbWide.jpg?quality=75&auto=webp&disable=upscale,/2023/09/19/world/europe/biden-speech-un-general-assembly.html
